Workbook

Sheet Dashboard Summary
A1: Module | B1: Total Tasks | C1: Completed | D1: Pending | E1: % Complete | F1: Status | G1: Next Milestone
A2: Customer | B2: 10 | C2: 4 | D2: 6 | E2: =IF(B2=0 | F2: 0 | G2: ROUND(C2/B2*100 | H2: 0)) | I2: In Progress | J2: Booking Flow UI (Nov 2)
A3: Service Provider | B3: 8 | C3: 3 | D3: 5 | E3: =IF(B3=0 | F3: 0 | G3: ROUND(C3/B3*100 | H3: 0)) | I3: In Progress | J3: Registration (Nov 3)
A4: Admin / Ops | B4: 9 | C4: 5 | D4: 4 | E4: =IF(B4=0 | F4: 0 | G4: ROUND(C4/B4*100 | H4: 0)) | I4: Good | J4: Reports UI (Nov 2)
A5: Costing | B5: 6 | C5: 1 | D5: 5 | E5: =IF(B5=0 | F5: 0 | G5: ROUND(C5/B5*100 | H5: 0)) | I5: Low Progress | J5: Pricing Logic (Nov 4)
A6: Reports & Analytics | B6: 6 | C6: 1 | D6: 5 | E6: =IF(B6=0 | F6: 0 | G6: ROUND(C6/B6*100 | H6: 0)) | I6: Low Progress | J6: Analytics (Nov 5)
A7: Backend / Infra | B7: 8 | C7: 5 | D7: 3 | E7: =IF(B7=0 | F7: 0 | G7: ROUND(C7/B7*100 | H7: 0)) | I7: Stable | J7: Vercel Integration (Nov 1)
A8: TOTAL | B8: =SUM(B2:B7) -> 47 | C8: =SUM(C2:C7) -> 19 | D8: =SUM(D2:D7) -> 28 | E8: =IF(B8=0 | F8: 0 | G8: ROUND(C8/B8*100 | H8: 0))
A9: Bug_Issue_Tracker | B9: =COUNTA(Bug_Issue_Tracker!A2:A100) -> 3 | C9: =COUNTIF(Bug_Issue_Tracker!H2:H100,"Resolved") -> 2 | D9: =COUNTIF(Bug_Issue_Tracker!H2:H100,"Open") -> 1 | E9: =IF(B9=0,0,ROUND(C9/B9*100,0)) -> 67 | F9: Monitoring | G9: Daily Review

Sheet Detailed Tracker
A1: ID | B1: Module | C1: Task | D1: Description | E1: Owner | F1: Start Date | G1: Target Date | H1: % Complete | I1: Status | J1: Notes
A2: C1 | B2: Customer | C2: Home Page | D2: Service Discovery UI | E2: Akhsey | F2: 45958 | G2: 45959 | H2: 100 | I2: Done | J2: Verified
A3: C3 | B3: Customer | C3: Booking Flow | D3: Select + Schedule Service | E3: Akhsey | F3: 45963 | G3: 45964 | H3: 0 | I3: Planned | J3: Design Pending
A4: SP1 | B4: Provider | C4: Registration / KYC | D4: Provider Sign-Up + Docs | E4: Akhsey | F4: 45964 | G4: 45965 | H4: 0 | I4: Planned
A5: A4 | B5: Admin / Ops | C5: Dashboard Reports | D5: Graphs + Data for Admin | E5: Akhsey | F5: 45965 | G5: 45966 | H5: 50 | I5: Partial | J5: Firestore Linkage
A6: COST1 | B6: Costing | C6: Dynamic Pricing | D6: Variable Pricing Per City | E6: Akhsey | F6: 45966 | G6: 45967 | H6: 0 | I6: Planned
A7: R2 | B7: Reports & Analytics | C7: Provider Ratings | D7: Ratings Summary Per Provider | E7: Akhsey | F7: 45967 | G7: 45968 | H7: 0 | I7: Planned

Sheet Milestones
A1: Milestone | B1: Description | C1: Target Date | D1: Status | E1: Dependencies
A2: MVP Alpha Launch | B2: OTP + Waitlist Live | C2: 45960 | D2: Done | E2: Firebase Auth
A3: Feedback Flow | B3: Rating + Thank You Page | C3: 45961 | D3: Done | E3: Feedback DB
A4: reCAPTCHA Invisible | B4: Hide Visible Widget | C4: 45961 | D4: In Progress | E4: LaunchingSoonWidget
A5: GitHub + Vercel Sync | B5: Connect Repos & CI | C5: 45961 | D5: In Progress | E5: GitHub

Sheet Change Log
A1: Date,Change,Description,By,Status
A2: 2025-10-30,Firebase Hosting,Production Deployed,Akhsey,Done
A3: 2025-10-31,Feedback UI,Thank-You Animation Added,Akhsey,Done
A4: 2025-10-31,OTP Widget,Production Success,Akhsey,Done
A5: 2025-11-01,Tracker Setup,Master Tracker Created,Akhsey,Planned

Sheet Next SprintPriority,Task,Owner,
A1: Priority,Task,Owner,Planned Date,Status
A2: High,reCAPTCHA Invisible Fix,Akhsey,2025-11-01,Planned
A3: High,GitHub & Vercel Sync,Akhsey,2025-11-01,Planned
A4: Medium,Booking Flow UI,Akhsey,2025-11-02,Planned
A5: Medium,Provider Registration,Akhsey,2025-11-03,Planned
A6: Medium,Costing Model Integration,Akhsey,2025-11-04,Planned

Sheet Auto Summary
A1: Metric,Value
A2: Total Tasks,=SUM('Dashboard Summary'!B2:B7)
A3: Completed,=SUM('Dashboard Summary'!C2:C7)
A4: Overall %,=IF(B1=0,0,ROUND(B2/B1*100,0))
A5: Active Modules,=COUNTA('Dashboard Summary'!A2:A7)
A6: Next Milestone,=INDEX('Dashboard Summary'!G2:G7,MATCH(MIN('Dashboard Summary'!C2:C7),'Dashboard Summary'!C2:C7,0))
A7: Total Bugs | B7: =COUNTA(Bug_Issue_Tracker!A2:A100) -> 3
A8: Open Bugs | B8: =COUNTIF(Bug_Issue_Tracker!H2:H100,"Open") -> 1
A9: Resolved Bugs | B9: =COUNTIF(Bug_Issue_Tracker!H2:H100,"Resolved") -> 2
A10: Overdue Bugs | B10: =COUNTIF(Bug_Issue_Tracker!N2:N100,"⚠️ Yes") -> 6

Sheet Bug_Issue Tracker
A1: ID | B1: Module | C1: Reported By | D1: Date Reported | E1: Severity | F1: Issue Title | G1: Description | H1: Status | I1: Owner | J1: Target Fix Date | K1: Date Resolved | L1: Resolution Notes | M1: Days Open | N1: Overdue
A2: B001 | B2: Customer | C2: Akhsey | D2: 45961 | E2: High | F2: OTP Verification Loop | G2: OTP not verifying properly in dev environment | H2: Resolved | I2: Dev Team | J2: 45961 | K2: 45961 | L2: ReCaptcha reinit fixed | M2: =IF(K2="" | N2: TODAY()-D2 | O2: K2-D2) | P2: =IF(AND(K2="" | Q2: J2<TODAY()) | R2: ⚠️ Yes | S2: No)
A3: B002 | B3: Feedback | C3: Akhsey | D3: 45961 | E3: Medium | F3: Feedback Form Alignment | G3: Fields not aligned after animation update | H3: Resolved | I3: UI Team | J3: 45961 | K3: 45961 | L3: CSS grid adjusted | M3: =IF(K3="" | N3: TODAY()-D3 | O3: K3-D3) | P3: =IF(AND(K3="" | Q3: J3<TODAY()) | R3: ⚠️ Yes | S3: No)
A4: B003 | B4: Admin | C4: Akhsey | D4: 45962 | E4: Low | F4: Report Table Pagination | G4: Admin table shows only 10 rows | H4: Open | I4: Dev Team | J4: 45963 | L4: Pending pagination logic | M4: =IF(K4="" | N4: TODAY()-D4 | O4: K4-D4) | P4: =IF(AND(K4="" | Q4: J4<TODAY()) | R4: ⚠️ Yes | S4: No)
A5: B004 | B5: Provider | C5: Akhsey | D5: 45962 | E5: High | F5: Provider Registration Crash | G5: Error on submit after KYC upload | H5: In Progress | I5: Backend | J5: 45963 | L5: Investigating storage limits | M5: =IF(K5="" | N5: TODAY()-D5 | O5: K5-D5) | P5: =IF(AND(K5="" | Q5: J5<TODAY()) | R5: ⚠️ Yes | S5: No)

Sheet Bug_Issue_Tracker
A1: ID | B1: Module | C1: Reported By | D1: Date Reported | E1: Severity | F1: Issue Title | G1: Description | H1: Status | I1: Owner | J1: Target Fix Date | K1: Date Resolved | L1: Resolution Notes | M1: Days Open | N1: Overdue
A2: B001 | B2: Customer | C2: Akhsey | D2: 2025-10-31 | E2: High | F2: OTP Verification Loop | G2: OTP not verifying properly in dev environment | H2: Resolved | I2: Dev Team | J2: 2025-10-31 | K2: 2025-10-31 | L2: ReCaptcha reinit fixed | M2: =IF(K2="",TODAY()-D2,K2-D2) -> 0 | N2: =IF(AND(K2="",J2<TODAY()),"⚠️ Yes","No") -> No
A3: B002 | B3: Feedback | C3: Akhsey | D3: 2025-10-31 | E3: Medium | F3: Feedback Form Alignment | G3: Fields misaligned after animation update | H3: Resolved | I3: UI Team | J3: 2025-10-31 | K3: 2025-10-31 | L3: CSS grid adjusted | M3: =IF(K3="",TODAY()-D3,K3-D3) -> 0 | N3: =IF(AND(K3="",J3<TODAY()),"⚠️ Yes","No") -> No
A4: B003 | B4: Admin | C4: Akhsey | D4: 2025-11-01 | E4: Low | F4: Report Table Pagination | G4: Admin table shows only 10 rows | H4: Open | I4: Dev Team | J4: 2025-11-02 | L4: Pending pagination logic | M4: =IF(K4="",TODAY()-D4,K4-D4) -> -1 | N4: =IF(AND(K4="",J4<TODAY()),"⚠️ Yes","No") -> No
M5: =IF(K5="",TODAY()-D5,K5-D5) -> 45961 | N5: =IF(AND(K5="",J5<TODAY()),"⚠️ Yes","No") -> ⚠️ Yes
M6: =IF(K6="",TODAY()-D6,K6-D6) -> 45961 | N6: =IF(AND(K6="",J6<TODAY()),"⚠️ Yes","No") -> ⚠️ Yes
M7: =IF(K7="",TODAY()-D7,K7-D7) -> 45961 | N7: =IF(AND(K7="",J7<TODAY()),"⚠️ Yes","No") -> ⚠️ Yes
M8: =IF(K8="",TODAY()-D8,K8-D8) -> 45961 | N8: =IF(AND(K8="",J8<TODAY()),"⚠️ Yes","No") -> ⚠️ Yes
M9: =IF(K9="",TODAY()-D9,K9-D9) -> 45961 | N9: =IF(AND(K9="",J9<TODAY()),"⚠️ Yes","No") -> ⚠️ Yes
M10: =IF(K10="",TODAY()-D10,K10-D10) -> 45961 | N10: =IF(AND(K10="",J10<TODAY()),"⚠️ Yes","No") -> ⚠️ Yes
