Workbook

Sheet Dashboard Summary
A1: Module | B1: Total Tasks | C1: Completed | D1: Pending | E1: % Complete | F1: Status | G1: Next Milestone
A2: Customer | B2: 10 | C2: 4 | D2: 6 | E2: Customer | F2: 2.6666667 | G2: 0.66666667 | H2: 0)) | I2: In Progress | J2: Booking Flow UI (Nov 2)
A3: Service Provider | B3: 8 | C3: 3 | D3: 5 | E3: Service Provider | F3: 2.3333333 | G3: 0.83333333 | H3: 0)) | I3: In Progress | J3: Registration (Nov 3)
A4: Admin / Ops | B4: 9 | C4: 5 | D4: 4 | E4: Admin / Ops | F4: 1 | G4: -1.5 | H4: 0)) | I4: Good | J4: Reports UI (Nov 2)
A5: Costing | B5: 6 | C5: 1 | D5: 5 | E5: Costing | F5: 3 | G5: 2.5 | H5: 0)) | I5: Low Progress | J5: Pricing Logic (Nov 4)
A6: Reports & Analytics | B6: 6 | C6: 1 | D6: 5 | E6: Reports & Analytics | F6: 3 | G6: 2.5 | H6: 0)) | I6: Low Progress | J6: Analytics (Nov 5)
A7: Backend / Infra | B7: 8 | C7: 5 | D7: 3 | E7: Backend / Infra | F7: 0.33333333 | G7: -2.1666667 | H7: 0)) | I7: Stable | J7: Vercel Integration (Nov 1)
A8: TOTAL | B8: =SUM(B2:B7) -> 47 | C8: =SUM(C2:C7) -> 19 | D8: =SUM(D2:D7) -> 28 | E8: TOTAL | F8: =SUM(F2:F7) -> 12.333333 | G8: =SUM(G2:G7) -> 2.8333333 | H8: 0))
A9: Bug_Issue_Tracker | B9: =COUNTA(Bug_Issue_Tracker!A2:A100) -> 99 | C9: =COUNTIF(Bug_Issue_Tracker!H2:H100,"Resolved") -> 2 | D9: =COUNTIF(Bug_Issue_Tracker!H2:H100,"Open") -> 1 | E9: Bug_Issue_Tracker | F9: =COUNTA(Bug_Issue_Tracker!E2:E100) -> 3 | G9: =COUNTIF(Bug_Issue_Tracker!L2:L100,"Resolved") -> 0

Sheet Detailed Tracker
A1: ID | B1: Module | C1: Task | D1: Description | E1: Owner | F1: Start Date | G1: Target Date | H1: % Complete | I1: Status | J1: Notes
A2: C1 | B2: Customer | C2: Home Page | D2: Service Discovery UI | E2: Akhsey | F2: 45958 | G2: 45959 | H2: 100 | I2: Done | J2: Verified
A3: C3 | B3: Customer | C3: Booking Flow | D3: Select + Schedule Service | E3: Akhsey | F3: 45963 | G3: 45964 | H3: 0 | I3: Planned | J3: Design Pending
A4: SP1 | B4: Provider | C4: Registration / KYC | D4: Provider Sign-Up + Docs | E4: Akhsey | F4: 45964 | G4: 45965 | H4: 0 | I4: Planned
A5: A4 | B5: Admin / Ops | C5: Dashboard Reports | D5: Graphs + Data for Admin | E5: Akhsey | F5: 45965 | G5: 45966 | H5: 50 | I5: Partial | J5: Firestore Linkage
A6: COST1 | B6: Costing | C6: Dynamic Pricing | D6: Variable Pricing Per City | E6: Akhsey | F6: 45966 | G6: 45967 | H6: 0 | I6: Planned
A7: R2 | B7: Reports & Analytics | C7: Provider Ratings | D7: Ratings Summary Per Provider | E7: Akhsey | F7: 45967 | G7: 45968 | H7: 0 | I7: Planned

Sheet Milestones
A1: Milestone | B1: Description | C1: Target Date | D1: Status | E1: Dependencies
A2: MVP Alpha Launch | B2: OTP + Waitlist Live | C2: 45960 | D2: Done | E2: Firebase Auth
A3: Feedback Flow | B3: Rating + Thank You Page | C3: 45961 | D3: Done | E3: Feedback DB
A4: reCAPTCHA Invisible | B4: Hide Visible Widget | C4: 45961 | D4: In Progress | E4: LaunchingSoonWidget
A5: GitHub + Vercel Sync | B5: Connect Repos & CI | C5: 45961 | D5: In Progress | E5: GitHub

Sheet Change Log
A1: Date | B1: Change | C1: Description | D1: By | E1: Status
A2: 45960 | B2: Firebase Hosting | C2: Production Deployed | D2: Akhsey | E2: Done
A3: 45961 | B3: Feedback UI | C3: Thank-You Animation Added | D3: Akhsey | E3: Done
A4: 45961 | B4: OTP Widget | C4: Production Success | D4: Akhsey | E4: Done
A5: 45962 | B5: Tracker Setup | C5: Master Tracker Created | D5: Akhsey | E5: Planned

Sheet Next SprintPriority,Task,Owner,
A1: Priority | B1: Task | C1: Owner | D1: Planned Date | E1: Status
A2: High | B2: reCAPTCHA Invisible Fix | C2: Akhsey | D2: 45962 | E2: Planned
A3: High | B3: GitHub & Vercel Sync | C3: Akhsey | D3: 45962 | E3: Planned
A4: Medium | B4: Booking Flow UI | C4: Akhsey | D4: 45963 | E4: Planned
A5: Medium | B5: Provider Registration | C5: Akhsey | D5: 45964 | E5: Planned
A6: Medium | B6: Costing Model Integration | C6: Akhsey | D6: 45965 | E6: Planned

Sheet Auto Summary
A1: Metric,Value
A2: Total Tasks,=SUM('Dashboard Summary'!B2:B7)
A3: Completed,=SUM('Dashboard Summary'!C2:C7)
A4: Overall %,=IF(B1=0,0,ROUND(B2/B1*100,0))
A5: Active Modules,=COUNTA('Dashboard Summary'!A2:A7)
A6: Next Milestone,=INDEX('Dashboard Summary'!G2:G7,MATCH(MIN('Dashboard Summary'!C2:C7),'Dashboard Summary'!C2:C7,0))
A7: Total Bugs | B7: =COUNTA(Bug_Issue_Tracker!A2:A100) -> 99
A8: Open Bugs | B8: =COUNTIF(Bug_Issue_Tracker!H2:H100,"Open") -> 1
A9: Resolved Bugs | B9: =COUNTIF(Bug_Issue_Tracker!H2:H100,"Resolved") -> 2
A10: Overdue Bugs | B10: =COUNTIF(Bug_Issue_Tracker!N2:N100,"⚠️ Yes") -> 46

Sheet Bug_Issue Tracker
A1: ID,Module,Reported By,Date Reported,Severity,Issue Title,Description,Status,Owner,Target Fix Date,Date Resolved,Resolution Notes,Days Open,Overdue
A2: B001,Customer,Akhsey,2025-10-31,High,OTP Verification Loop,"OTP not verifying properly in dev environment","Resolved",Dev Team,2025-10-31,2025-10-31,"ReCaptcha reinit fixed",=IF(K2="",TODAY()-D2,K2-D2),=IF(AND(K2="",J2<TODAY()),"⚠️ Yes","No")
A3: B002,Feedback,Akhsey,2025-10-31,Medium,Feedback Form Alignment,"Fields not aligned after animation update","Resolved",UI Team,2025-10-31,2025-10-31,"CSS grid adjusted",=IF(K3="",TODAY()-D3,K3-D3),=IF(AND(K3="",J3<TODAY()),"⚠️ Yes","No")
A4: B003,Admin,Akhsey,2025-11-01,Low,Report Table Pagination,"Admin table shows only 10 rows","Open",Dev Team,2025-11-02,,"Pending pagination logic",=IF(K4="",TODAY()-D4,K4-D4),=IF(AND(K4="",J4<TODAY()),"⚠️ Yes","No")
A5: B004,Provider,Akhsey,2025-11-01,High,Provider Registration Crash,"Error on submit after KYC upload","In Progress",Backend,2025-11-02,,"Investigating storage limits",=IF(K5="",TODAY()-D5,K5-D5),=IF(AND(K5="",J5<TODAY()),"⚠️ Yes","No")

Sheet Bug_Issue_Tracker
A1: ID | B1: Module | C1: Reported By | D1: Date Reported | E1: Severity | F1: Issue Title | G1: Description | H1: Status | I1: Owner | J1: Target Fix Date | K1: Date Resolved | L1: Resolution Notes | M1: Days Open | N1: Overdue
A2: =IF(B2<>"","B"&TEXT(ROW(A2)-1,"000"),"") -> B001 | B2: Customer | C2: Akhsey | D2: 2025-10-31 | E2: High | F2: OTP Verification Loop | G2: OTP not verifying properly in dev environment | H2: Resolved | I2: Dev Team | J2: 2025-10-31 | K2: 2025-10-31 | L2: ReCaptcha reinit fixed | M2: =IF(K2="",TODAY()-D2,K2-D2) -> 0 | N2: =IF(AND(K2="",J2<TODAY()),"⚠️ Yes","No") -> No
A3: =IF(B3<>"","B"&TEXT(ROW(A3)-1,"000"),"") -> B002 | B3: Feedback | C3: Akhsey | D3: 2025-10-31 | E3: Medium | F3: Feedback Form Alignment | G3: Fields misaligned after animation update | H3: Resolved | I3: UI Team | J3: 2025-10-31 | K3: 2025-10-31 | L3: CSS grid adjusted | M3: =IF(K3="",TODAY()-D3,K3-D3) -> 0 | N3: =IF(AND(K3="",J3<TODAY()),"⚠️ Yes","No") -> No
A4: =IF(B4<>"","B"&TEXT(ROW(A4)-1,"000"),"") -> B003 | B4: Admin | C4: Akhsey | D4: 2025-11-01 | E4: Low | F4: Report Table Pagination | G4: Admin table shows only 10 rows | H4: Open | I4: Dev Team | J4: 2025-11-02 | L4: Pending pagination logic | M4: =IF(K4="",TODAY()-D4,K4-D4) -> -1 | N4: =IF(AND(K4="",J4<TODAY()),"⚠️ Yes","No") -> No
A5: =IF(B5<>"","B"&TEXT(ROW(A5)-1,"000"),"") | M5: =IF(K5="",TODAY()-D5,K5-D5) -> 45961 | N5: =IF(AND(K5="",J5<TODAY()),"⚠️ Yes","No") -> ⚠️ Yes
A6: =IF(B6<>"","B"&TEXT(ROW(A6)-1,"000"),"") | M6: =IF(K6="",TODAY()-D6,K6-D6) -> 45961 | N6: =IF(AND(K6="",J6<TODAY()),"⚠️ Yes","No") -> ⚠️ Yes
A7: =IF(B7<>"","B"&TEXT(ROW(A7)-1,"000"),"") | M7: =IF(K7="",TODAY()-D7,K7-D7) -> 45961 | N7: =IF(AND(K7="",J7<TODAY()),"⚠️ Yes","No") -> ⚠️ Yes
A8: =IF(B8<>"","B"&TEXT(ROW(A8)-1,"000"),"") | M8: =IF(K8="",TODAY()-D8,K8-D8) -> 45961 | N8: =IF(AND(K8="",J8<TODAY()),"⚠️ Yes","No") -> ⚠️ Yes
A9: =IF(B9<>"","B"&TEXT(ROW(A9)-1,"000"),"") | M9: =IF(K9="",TODAY()-D9,K9-D9) -> 45961 | N9: =IF(AND(K9="",J9<TODAY()),"⚠️ Yes","No") -> ⚠️ Yes
A10: =IF(B10<>"","B"&TEXT(ROW(A10)-1,"000"),"") | M10: =IF(K10="",TODAY()-D10,K10-D10) -> 45961 | N10: =IF(AND(K10="",J10<TODAY()),"⚠️ Yes","No") -> ⚠️ Yes
A11: =IF(B11<>"","B"&TEXT(ROW(A11)-1,"000"),"") | M11: =IF(K11="",TODAY()-D11,K11-D11) -> 45961 | N11: =IF(AND(K11="",J11<TODAY()),"⚠️ Yes","No") -> ⚠️ Yes
A12: =IF(B12<>"","B"&TEXT(ROW(A12)-1,"000"),"") | M12: =IF(K12="",TODAY()-D12,K12-D12) -> 45961 | N12: =IF(AND(K12="",J12<TODAY()),"⚠️ Yes","No") -> ⚠️ Yes
A13: =IF(B13<>"","B"&TEXT(ROW(A13)-1,"000"),"") | M13: =IF(K13="",TODAY()-D13,K13-D13) -> 45961 | N13: =IF(AND(K13="",J13<TODAY()),"⚠️ Yes","No") -> ⚠️ Yes
A14: =IF(B14<>"","B"&TEXT(ROW(A14)-1,"000"),"") | M14: =IF(K14="",TODAY()-D14,K14-D14) -> 45961 | N14: =IF(AND(K14="",J14<TODAY()),"⚠️ Yes","No") -> ⚠️ Yes
A15: =IF(B15<>"","B"&TEXT(ROW(A15)-1,"000"),"") | M15: =IF(K15="",TODAY()-D15,K15-D15) -> 45961 | N15: =IF(AND(K15="",J15<TODAY()),"⚠️ Yes","No") -> ⚠️ Yes
A16: =IF(B16<>"","B"&TEXT(ROW(A16)-1,"000"),"") | M16: =IF(K16="",TODAY()-D16,K16-D16) -> 45961 | N16: =IF(AND(K16="",J16<TODAY()),"⚠️ Yes","No") -> ⚠️ Yes
... A50: =IF(B50<>"","B"&TEXT(ROW(A50)-1,"000"),"") | M50: =IF(K50="",TODAY()-D50,K50-D50) -> 45961 | N50: =IF(AND(K50="",J50<TODAY()),"⚠️ Yes","No") -> ⚠️ Yes
A51: =IF(B51<>"","B"&TEXT(ROW(A51)-1,"000"),"")
A52: =IF(B52<>"","B"&TEXT(ROW(A52)-1,"000"),"")
A53: =IF(B53<>"","B"&TEXT(ROW(A53)-1,"000"),"")
A54: =IF(B54<>"","B"&TEXT(ROW(A54)-1,"000"),"")
A55: =IF(B55<>"","B"&TEXT(ROW(A55)-1,"000"),"")
A56: =IF(B56<>"","B"&TEXT(ROW(A56)-1,"000"),"")
A57: =IF(B57<>"","B"&TEXT(ROW(A57)-1,"000"),"")
A58: =IF(B58<>"","B"&TEXT(ROW(A58)-1,"000"),"")
A59: =IF(B59<>"","B"&TEXT(ROW(A59)-1,"000"),"")
A60: =IF(B60<>"","B"&TEXT(ROW(A60)-1,"000"),"")
A61: =IF(B61<>"","B"&TEXT(ROW(A61)-1,"000"),"")
A62: =IF(B62<>"","B"&TEXT(ROW(A62)-1,"000"),"")
... A200: =IF(B200<>"","B"&TEXT(ROW(A200)-1,"000"),"")
